﻿<?xml version="1.0" encoding="utf-8" ?>
<Defs>

  <ThingDef ParentName="BaseBear">
    <defName>CK_Panda</defName>
    <label>panda</label>
    <description>The giant panda, is a bear native to old Earth south central China. It is easily recognized by the large, distinctive black patches around its eyes, over the ears, and across its round body. Though it belongs to the order Carnivora, the giant panda's diet is over 99% bamboo. Giant pandas in the wild will occasionally eat other grasses, wild tubers, or even meat in the form of birds, rodents or carrion. In captivity, they may receive honey, eggs, fish, yams, shrub leaves, oranges, or bananas along with specially prepared food.</description>
    <race>
      <wildness>0.80</wildness>
      <leatherDef>CK_LeatherPanda</leatherDef>
      <!-- <leatherColor>(245,245,220)</leatherColor>
      <leatherInsulation>1.0</leatherInsulation>
      <leatherLabel>pandaskin</leatherLabel>
      <meatLabel>panda meat</meatLabel> -->
      <predator>false</predator>
      <foodType>OmnivoreAnimal, OvivoreAnimal</foodType>
    </race>
    <tradeTags>
      <li>AnimalExotic</li>
    </tradeTags>
  </ThingDef>

  <PawnKindDef ParentName="BearBase">
    <defName>CK_Panda</defName>
    <label>panda</label>
    <race>CK_Panda</race>
    <lifeStages>
      <li>
        <bodyGraphicData>
          <texPath>Things/Pawn/Animal/Panda</texPath>
          <drawSize>1.4</drawSize>
          <shadowData>
            <volume>(0.4, 0.3, 0.3)</volume>
            <offset>(0,0,-0.2)</offset>
          </shadowData>
        </bodyGraphicData>
        <dessicatedBodyGraphicData>
          <texPath>Things/Pawn/Animal/Bear/Dessicated_Bear</texPath>
          <drawSize>1.4</drawSize>
        </dessicatedBodyGraphicData>
      </li>
      <li>
        <bodyGraphicData>
          <texPath>Things/Pawn/Animal/Panda</texPath>
          <drawSize>2</drawSize>
          <shadowData>
            <volume>(0.6, 0.45, 0.45)</volume>
            <offset>(0,0,-0.25)</offset>
          </shadowData>
        </bodyGraphicData>
        <dessicatedBodyGraphicData>
          <texPath>Things/Pawn/Animal/Bear/Dessicated_Bear</texPath>
          <drawSize>2</drawSize>
        </dessicatedBodyGraphicData>
      </li>
      <li>
        <bodyGraphicData>
          <texPath>Things/Pawn/Animal/Panda</texPath>
          <drawSize>2.7</drawSize>
          <shadowData>
            <volume>(0.8, 0.6, 0.6)</volume>
            <offset>(0,0,-0.3)</offset>
          </shadowData>
        </bodyGraphicData>
        <dessicatedBodyGraphicData>
          <texPath>Things/Pawn/Animal/Bear/Dessicated_Bear</texPath>
          <drawSize>2.7</drawSize>
        </dessicatedBodyGraphicData>
      </li>
    </lifeStages>
  </PawnKindDef>

</Defs>
