﻿<?xml version="1.0" encoding="utf-8" ?>
<Defs>

<ThingDef ParentName="PlantFoodRawBase">
    <defName>CK_TaroRoot</defName>
    <label>taro roots</label>
    <description>Taro roots.</description>
    <graphicData>
      <texPath>Things/Item/Resource/PlantFoodRaw/TaroRoot</texPath>
    </graphicData>
    <statBases>
      <MarketValue>1.7</MarketValue>
    </statBases>
    <ingestible>
      <foodType>VegetableOrFruit</foodType>
    </ingestible>
    <comps>
      <li Class="CompProperties_Rottable">
        <daysToRotStart>30</daysToRotStart>
        <rotDestroys>true</rotDestroys>
      </li>
    </comps>
</ThingDef>

<ThingDef ParentName="PlantFoodRawBase">
    <defName>CK_RawBanana</defName>
    <label>bananas</label>
    <description>Bananas. Nice to eat, even when raw.</description>
    <graphicData>
      <texPath>Things/Item/Resource/PlantFoodRaw/BananaFruit</texPath>
    </graphicData>
    <statBases>
      <MarketValue>1</MarketValue>
    </statBases>
    <comps>
      <li Class="CompProperties_Rottable">
        <daysToRotStart>14</daysToRotStart>
        <rotDestroys>true</rotDestroys>
      </li>
    </comps>
    <ingestible>
      <preferability>RawTasty</preferability>
      <tasteThought></tasteThought>
      <foodType>VegetableOrFruit</foodType>
      <joy>0.01</joy>
      <joyKind>Gluttonous</joyKind>
    </ingestible>
</ThingDef>

<ThingDef ParentName="PlantFoodRawBase">
    <defName>CK_RawLemongrass</defName>
    <label>lemongrass</label>
    <description>Cymbopogon, better known as lemongrass, is a genus of Asian, African, Australian, and tropical island plants in the grass family.Some species (particularly Cymbopogon citratus) are commonly cultivated as culinary and medicinal herbs because of their scent, resembling that of lemons. Lemongrass is widely used as a culinary herb in Asian cuisines and also as a medicinal herb in India. It has a subtle citrus flavor and can be dried and powdered, or used fresh. It is commonly used in teas, soups, and curries. It is also suitable for use with poultry, fish, beef, and seafood. It is often used as a tea in African countries such as Togo, south eastern Ghana Volta Region and the Democratic Republic of the Congo and Latin American countries such as Mexico.</description>
    <graphicData>
    	<texPath>Things/Item/Resource/PlantFoodRaw/Lemongrass</texPath>
    	<graphicClass>Graphic_StackCount</graphicClass>
    </graphicData>
    <statBases>
      <MarketValue>1.6</MarketValue>
    </statBases>
    <comps>
      <li Class="CompProperties_Rottable">
        <daysToRotStart>20</daysToRotStart>
        <rotDestroys>true</rotDestroys>
      </li>
    </comps>
    <ingestible>
      <foodType>VegetableOrFruit</foodType>
    </ingestible>
</ThingDef>

  <ThingDef ParentName="PlantFoodRawBase">
    <defName>CK_Coconuts</defName>
    <label>coconuts</label>
    <description>Coconuts. Nice to eat, even when raw.</description>
    <graphicData>
      <texPath>Things/Item/Resource/PlantFoodRaw/Coconuts</texPath>
    </graphicData>
    <statBases>
      <MarketValue>1</MarketValue>
    </statBases>
    <comps>
      <li Class="CompProperties_Rottable">
        <daysToRotStart>30</daysToRotStart>
        <rotDestroys>true</rotDestroys>
      </li>
    </comps>
    <ingestible>
      <preferability>RawTasty</preferability>
      <tasteThought></tasteThought>
      <foodType>VegetableOrFruit</foodType>
      <joy>0.01</joy>
      <joyKind>Gluttonous</joyKind>
    </ingestible>
  </ThingDef>

	<ThingDef ParentName="PlantFoodRawBase">
	    <defName>CK_RawJitterBerries</defName>
	    <label>jitter berries</label>
	    <description>Give a little boost to movement speed and "Rest need" if eaten raw, but taste bad.</description>
	    <soundInteract>Grain_Drop</soundInteract>
	    <soundDrop>Grain_Drop</soundDrop>
	    <graphicData>
	      <texPath>Things/Item/Resource/PlantFoodRaw/JitterBerries</texPath>
	    </graphicData>
	    <statBases>
	      <MarketValue>2</MarketValue>
        <Nutrition>0.02</Nutrition>
	    </statBases>
	    <socialPropernessMatters>true</socialPropernessMatters>
	    <ingestible>
        <foodType>VegetableOrFruit</foodType>
        <drugCategory>Medical</drugCategory>
	      <ingestCommandString>Ingest {0}</ingestCommandString>
	      <ingestReportString>Ingesting {0}.</ingestReportString>
	      <nurseable>true</nurseable>
	      <maxNumToIngestAtOnce>4</maxNumToIngestAtOnce>
	      <baseIngestTicks>120</baseIngestTicks>
	      <joyKind>Chemical</joyKind>
	      <joy>0.01</joy>
        <outcomeDoers>
          <li Class="IngestionOutcomeDoer_OffsetNeed">
            <need>Rest</need>
            <offset>0.1</offset>
          </li>
          <li Class="IngestionOutcomeDoer_GiveHediff">
	          <hediffDef>CK_AteRawJitterBerries</hediffDef>
	          <severity>0.3</severity>
	          <toleranceChemical>Jitter</toleranceChemical>
	        </li>
	        <li Class="IngestionOutcomeDoer_GiveHediff">
	        	<hediffDef>CK_JitterTolerance</hediffDef>
	        	<severity>0.02</severity>
	        </li>
        </outcomeDoers>
      </ingestible>
      <comps>
        <li Class="CompProperties_Rottable">
          <daysToRotStart>14</daysToRotStart>
          <rotDestroys>true</rotDestroys>
        </li>
        <li Class="CompProperties_Drug">
          <chemical>Jitter</chemical>
          <addictiveness>0.008</addictiveness>
          <minToleranceToAddict>0.3</minToleranceToAddict>
          <existingAddictionSeverityOffset>0.03</existingAddictionSeverityOffset>
          <needLevelOffset>1</needLevelOffset>
          <listOrder>20</listOrder>
        </li>
      </comps>
    </ThingDef>
    <HediffDef>
	    <defName>CK_AteRawJitterBerries</defName>
	    <label>Jitter rush</label>
	    <defaultLabelColor>(1,0,0.5)</defaultLabelColor>
	    <maxSeverity>1.0</maxSeverity>
	    <hediffClass>HediffWithComps</hediffClass>
		  <comps> <!-- Apparently the new name -->
			<li Class="HediffCompProperties_SeverityPerDay">
				<severityPerDay>-1.0</severityPerDay>
			</li>
		</comps>
      <stages>
        <li>
          <label>speed from jitter</label>
	        <hungerRateFactor>1.1</hungerRateFactor>
	        <capMods>
            <li>
              <capacity>Moving</capacity>
              <offset>0.05</offset>
            </li>
          </capMods>
        </li>
      </stages>
    </HediffDef>
    <ThoughtDef>
	    <defName>CK_AteRawJitterBerries</defName>
	    <workerClass>ThoughtWorker_Hediff</workerClass>
	    <hediff>CK_AteRawJitterBerries</hediff>
		<validWhileDespawned>true</validWhileDespawned>
	    <stages>
	      <li>
	        <label>speed from jitter</label>
	        <description>Those jitter berries... tastes like s%$#, but man are they strong.</description>
	        <baseMoodEffect>2</baseMoodEffect>
	      </li>
      </stages>
    </ThoughtDef>
<!-- Jitter addiction -->
    <ChemicalDef>
      <defName>Jitter</defName>
      <label>Jitter</label>
      <addictionHediff>CK_JitterAddiction</addictionHediff>
      <toleranceHediff>CK_JitterTolerance</toleranceHediff>
    </ChemicalDef>
    <NeedDef ParentName="DrugAddictionNeedBase">
      <defName>CK_Chemical_Jitter</defName>
      <needClass>Need_Chemical</needClass>
      <label>Jitter</label>
      <description>Because of a developed Jitter dependence, this person needs to regularly consume the drug to avoid withdrawal symptoms.</description>
      <listPriority>25</listPriority>
    </NeedDef>
    <HediffDef ParentName="DrugToleranceBase">
      <defName>CK_JitterTolerance</defName>
      <label>Jitter tolerance</label>
      <comps>
      <li Class="HediffCompProperties_SeverityPerDay">
        <severityPerDay>-0.015</severityPerDay>
      </li>
	   <li Class="HediffCompProperties_DrugEffectFactor">
        <chemical>Jitter</chemical>
      </li>
      </comps>
    </HediffDef>
    <HediffDef ParentName="AddictionBase">
      <defName>CK_JitterAddiction</defName>
      <hediffClass>Hediff_Addiction</hediffClass>
      <label>Jitter dependence</label>
      <causesNeed>CK_Chemical_Jitter</causesNeed>
	<comps>
      <li Class="HediffCompProperties_SeverityPerDay">
        <severityPerDay>-1.5</severityPerDay>
      </li>
    </comps>
      <stages>
        <li></li>
        <li>
          <label>withdrawal</label>
          <capMods>
            <li>
              <capacity>Consciousness</capacity>
              <offset>-0.05</offset>
            </li>
            <li>
              <capacity>Moving</capacity>
              <offset>-0.05</offset>
            </li>
          </capMods>
        </li>
      </stages>
  </HediffDef>
  <ThoughtDef>
    <defName>CK_JitterWithdrawal</defName>
    <workerClass>ThoughtWorker_Hediff</workerClass>
    <hediff>CK_JitterAddiction</hediff>
    <validWhileDespawned>true</validWhileDespawned>
    <stages>
      <li>
        <visible>false</visible>
      </li>
      <li>
        <label>Jitter withdrawal</label>
        <description>I really need jitter... Even those disgusting raw berries</description>
        <baseMoodEffect>-5</baseMoodEffect>
      </li>
    </stages>
  </ThoughtDef>

  <ThingDef ParentName="OrganicProductBase">
    <defName>CK_Honeycomb</defName>
    <label>honeycomb</label>
    <description>Honey stored and used as food by bees. It is smooth, rich, and brings joy to those who consume it. Because of its unique biological properties, it can nourish almost any creature and never rots.</description>
    <graphicData>
      <texPath>Things/Item/Resource/PlantFoodRaw/Honeycomb</texPath>
    </graphicData>
    <socialPropernessMatters>true</socialPropernessMatters>
    <statBases>
      <MarketValue>5</MarketValue>
      <Mass>0.025</Mass>
      <Nutrition>0.05</Nutrition>
    </statBases>
    <ingestible>
      <foodType>AnimalProduct</foodType>
      <preferability>MealFine</preferability>
      <joy>0.05</joy>
      <joyKind>Gluttonous</joyKind>
      <ingestEffect>EatVegetarian</ingestEffect>
      <ingestSound>Meal_Eat</ingestSound>
    </ingestible>
    <thingCategories>
      <li>AnimalProductRaw</li>
    </thingCategories>
  </ThingDef>

  <ThingDef ParentName="RoughPlantBase">
    <defName>CK_DreamVineRoot</defName>
    <label>dream root</label>
    <description>Dream Vine Roots are traditionally used to induce vivid lucid dreams during the initiation process of shamans to help them remember their dreams.</description>
    <graphicData>
      <texPath>Things/Item/Resource/PlantFoodRaw/DreamVineRoot</texPath>
    </graphicData>
    <statBases>
      <MarketValue>2</MarketValue>
      <Nutrition>0.01</Nutrition>
    </statBases>
    <socialPropernessMatters>true</socialPropernessMatters>
    <thingCategories>
      <li>PlantMatter</li>
    </thingCategories>
    <comps>
      <li Class="CompProperties_Rottable">
        <daysToRotStart>30</daysToRotStart>
        <rotDestroys>true</rotDestroys>
      </li>
      <li Class="CompProperties_Drug">
        <chemical>Alcohol</chemical>
        <addictiveness>0.003</addictiveness>
        <minToleranceToAddict>0.5</minToleranceToAddict>
        <existingAddictionSeverityOffset>0.10</existingAddictionSeverityOffset>
        <needLevelOffset>1</needLevelOffset>
        <listOrder>10</listOrder>
      </li>
    </comps>
    <ingestible>
      <drugCategory>Social</drugCategory>
      <ingestCommandString>Ingest {0}</ingestCommandString>
      <ingestReportString>Ingesting {0}.</ingestReportString>
      <maxNumToIngestAtOnce>4</maxNumToIngestAtOnce>
      <baseIngestTicks>120</baseIngestTicks>
      <joyKind>Chemical</joyKind>
      <joy>0.1</joy>
      <nurseable>true</nurseable>
      <outcomeDoers>
        <li Class="IngestionOutcomeDoer_GiveHediff">
          <hediffDef>AlcoholHigh</hediffDef>
          <severity>0.1</severity>
          <toleranceChemical>Alcohol</toleranceChemical>
        </li>
        <li Class="IngestionOutcomeDoer_GiveHediff">
          <hediffDef>AlcoholTolerance</hediffDef>
          <severity>0.015</severity>
        </li>
      </outcomeDoers>
    </ingestible>
  </ThingDef>
  <ThoughtDef>
    <defName>Inebriated</defName>
    <workerClass>ThoughtWorker_Hediff</workerClass>
    <hediff>AlcoholHigh</hediff>
    <stages>
      <li>
        <label>buzzed-hidden</label>
        <description>Should not appear.</description>
        <baseMoodEffect>0</baseMoodEffect>
        <visible>false</visible>
      </li>
      <li>
        <label>Inebriated (warm)</label>
        <description>I just feel a bit more relaxed. That's good.</description>
        <baseMoodEffect>8</baseMoodEffect>
      </li>
      <li>
        <label>Inebriated (tipsy)</label>
        <description>I'm a bit wobbly! And this is quite enjoyable.</description>
        <baseMoodEffect>12</baseMoodEffect>
      </li>
      <li>
        <label>Inebriated (drunk)</label>
        <description>I feel so uninhibited and unafraid! This is a great time!</description>
        <baseMoodEffect>18</baseMoodEffect>
      </li>
      <li>
        <label>Inebriated (hammered)</label>
        <description>Wooo! What is going on?</description>
        <baseMoodEffect>24</baseMoodEffect>
      </li>
    </stages>
  </ThoughtDef>


</Defs>
