﻿<?xml version="1.0" encoding="utf-8" ?>

  <Defs>
<!--========================== Food crops =============================-->
  <ThingDef ParentName="PlantBase">
    <defName>CK_PlantTaro</defName>
    <label>taro plant</label>
    <description>A tropical plant grown primarily for its edible corms, the root vegetables most commonly known as taro. Grows well even in somewhat poor soil. Harvests quickly. It is believed to be one of the earliest cultivated plants. It is known by many local names and often referred to as "elephant ears". Harvests quickly. A strong, versatile crop.</description>
    <statBases>
      <MaxHitPoints>85</MaxHitPoints>
      <Nutrition>0.20</Nutrition>
    </statBases>
    <graphicData>
      <texPath>Things/Plant/Taro</texPath>
      <graphicClass>Graphic_Random</graphicClass>
    </graphicData>
    <selectable>true</selectable>
    <pathCost>10</pathCost>
    <ingestible />
    <plant>
      <fertilitySensitivity>0.2</fertilitySensitivity>
      <dieIfLeafless>true</dieIfLeafless>
      <harvestTag>Standard</harvestTag>
      <harvestedThingDef>CK_TaroRoot</harvestedThingDef>
      <harvestYield>10</harvestYield>
      <harvestWork>250</harvestWork>
      <sowTags>
        <li>Ground</li>
        <li>Hydroponic</li>
      </sowTags>
      <topWindExposure>0.3</topWindExposure>
      <growDays>3.5</growDays>
      <visualSizeRange>
        <min>0.5</min>
        <max>1.5</max>
      </visualSizeRange>
      <wildOrder>2</wildOrder>
      <purpose>Food</purpose>
    </plant>
  </ThingDef>

  <ThingDef ParentName="PlantBase">
    <defName>CK_PlantJitterWeed</defName>
    <label>jitter weed</label>
    <description>A weedy plant which yields jitter berries.</description>
    <statBases>
      <MaxHitPoints>85</MaxHitPoints>
      <Nutrition>0.18</Nutrition>
    </statBases>
    <graphicData>
      <texPath>Things/Plant/CoffeaCrop</texPath>
      <graphicClass>Graphic_Random</graphicClass>
    </graphicData>
    <selectable>true</selectable>
    <pathCost>15</pathCost>
    <plant>
      <sowMinSkill>4</sowMinSkill>
      <fertilitySensitivity>1</fertilitySensitivity>
      <dieIfLeafless>true</dieIfLeafless>
      <harvestWork>400</harvestWork>
      <maxMeshCount>4</maxMeshCount>
      <harvestTag>Standard</harvestTag>
      <harvestedThingDef>CK_RawJitterBerries</harvestedThingDef>
      <harvestYield>10</harvestYield>
      <sowTags>
        <li>Ground</li>
        <li>Hydroponic</li>
      </sowTags>
      <topWindExposure>0.1</topWindExposure>
      <growDays>8</growDays>
      <visualSizeRange>
        <min>0.8</min>
        <max>1.8</max>
      </visualSizeRange>
      <wildOrder>2</wildOrder>
    </plant>
  </ThingDef>

  <ThingDef ParentName="PlantBase">
    <defName>CK_PlantLemongrass</defName>
    <label>lemongrass</label>
    <description>Lemongrass.</description>
    <statBases>
      <MaxHitPoints>85</MaxHitPoints>
      <Nutrition>0.18</Nutrition>
    </statBases>
    <graphicData>
      <texPath>Things/Plant/Lemongrass</texPath>
      <graphicClass>Graphic_Random</graphicClass>
    </graphicData>
    <selectable>true</selectable>
    <pathCost>10</pathCost>
    <ingestible />
    <plant>
      <fertilitySensitivity>1.0</fertilitySensitivity>
      <dieIfLeafless>true</dieIfLeafless>
      <maxMeshCount>4</maxMeshCount>
      <harvestTag>Standard</harvestTag>
      <harvestedThingDef>CK_RawLemongrass</harvestedThingDef>
      <harvestYield>7</harvestYield>
      <harvestWork>250</harvestWork>
      <sowTags>
        <li>Ground</li>
        <li>Hydroponic</li>
      </sowTags>
      <topWindExposure>0.2</topWindExposure>
      <growDays>2.5</growDays>
      <visualSizeRange>
        <min>0.6</min>
        <max>1.6</max>
      </visualSizeRange>
      <wildOrder>2</wildOrder>
      <purpose>Food</purpose>
    </plant>
  </ThingDef>

  <ThingDef ParentName="TreeBase">
    <defName>CK_PlantTreeCoconutPalm</defName>
    <label>coconut palm tree</label>
    <description>The coconut tree is a member of the palm tree family and the only living species of the genus Cocos. The term "coconut" can refer to the whole coconut palm, the seed, or the fruit. The term is derived from the 16th-century Portuguese and Spanish word coco meaning "head" or "skull" after the three indentations on the coconut shell that resemble facial features.

    Coconuts are known for their versatility of uses, ranging from food to cosmetics. The inner flesh of the mature seed forms a regular part of the diets of many people in the tropics and subtropics. Coconuts are distinct from other fruits because their endosperm contains a large quantity of clear liquid, called "coconut milk" in the literature, and when immature, may be harvested for their potable "coconut water", also called "coconut juice".

    Mature, ripe coconuts can be used as edible seeds, or processed for oil and plant milk from the flesh, charcoal from the hard shell, and coir from the fibrous husk. Dried coconut flesh is called copra, and the oil and milk derived from it are commonly used in cooking as well as in soaps and cosmetics. The hard shells, fibrous husks and long pinnate leaves can be used as material to make a variety of products for furnishing and decorating. The coconut also has cultural and religious significance in certain societies, particularly in India, where it is used in Hindu rituals.</description>
    <graphicData>
      <texPath>Things/Plant/TreeCoconutPalm</texPath>
      <graphicClass>Graphic_Random</graphicClass>
      <shadowData>
				<volume>(0.18, 0.3, 0.15)</volume>
        <offset>(0.03,0,-0.44)</offset>
			</shadowData>
    </graphicData>
    <statBases>
      <Beauty>1</Beauty>
      <Nutrition>1.2</Nutrition>
    </statBases>
    <plant>
      <growDays>18</growDays>
      <harvestWork>1000</harvestWork>
      <harvestTag>Standard</harvestTag>
      <harvestedThingDef>CK_Coconuts</harvestedThingDef>
      <harvestYield>45</harvestYield>
      <harvestMinGrowth>0.80</harvestMinGrowth>
      <harvestAfterGrowth>0.20</harvestAfterGrowth>
      <visualSizeRange>
        <min>0.8</min>
        <max>2.8</max>
      </visualSizeRange>
      <sowResearchPrerequisites>
        <li>CK_TropicalWoodGrowing</li>
      </sowResearchPrerequisites>
      <sowMinSkill>5</sowMinSkill>
      <wildOrder>2</wildOrder>
      <purpose>Food</purpose>
    </plant>
  </ThingDef>

  <ThingDef ParentName="PlantBase">
      <defName>CK_PlantTreeBanana</defName>
      <label>banana tree</label>
      <description>The banana plant is the largest herbaceous flowering plant. All the above-ground parts of a banana plant grow from a structure usually called a "corm". Plants are normally tall and fairly sturdy, and are often mistaken for trees, but what appears to be a trunk is actually a "false stem" or pseudostem. Bananas grow in a wide variety of soils, as long as the soil is at least 60 cm deep, has good drainage and is not compacted. Cultivated banana plants vary in height depending on the variety and growing conditions. Most are around 5 m (16 ft) tall, with a range from around 3 m (10 ft) to 7 m (23 ft) or more. Leaves are spirally arranged and they are easily torn by the wind, resulting in the familiar frond look.

      When a banana plant is mature, the corm stops producing new leaves and begins to form a flower spike or inflorescence. The banana fruits develop from the banana heart, in a large hanging cluster, made up of tiers (called "hands"). Individual banana fruits (commonly known as a banana or "finger") average 125 grams (0.276 lb), of which approximately 75% is water and 25% dry matter. In cultivated varieties, the seeds are diminished nearly to non-existence; their remnants are tiny black specks in the interior of the fruit.

      Bananas are naturally slightly radioactive, more so than most other fruits, because of their potassium content and the small amounts of the isotope potassium-40 found in naturally occurring potassium. The banana equivalent dose of radiation is sometimes used in nuclear communication to compare radiation levels and exposures.</description>
      <altitudeLayer>Building</altitudeLayer>
      <statBases>
        <MaxHitPoints>120</MaxHitPoints>
        <Nutrition>1.50</Nutrition>
      </statBases>
      <graphicData>
        <texPath>Things/Plant/TreeBanana</texPath>
        <graphicClass>Graphic_Random</graphicClass>
        <shadowData>
          <volume>(0.3, 0.3, 0.3)</volume>
        </shadowData>
      </graphicData>
      <passability>PassThroughOnly</passability>
      <blockWind>true</blockWind>
      <selectable>true</selectable>
      <fillPercent>0.35</fillPercent>
      <pathCost>80</pathCost>
      <ingestible>
        <preferability>RawBad</preferability>
      </ingestible>
      <plant>
        <growDays>17</growDays>
        <sowWork>1500</sowWork>
        <harvestWork>800</harvestWork>
        <harvestTag>Standard</harvestTag>
        <harvestedThingDef>CK_RawBanana</harvestedThingDef>
        <harvestYield>50</harvestYield>
        <harvestMinGrowth>0.80</harvestMinGrowth>
        <harvestFailable>false</harvestFailable>
        <blockAdjacentSow>true</blockAdjacentSow>
        <sowTags>
          <li>Ground</li>
        </sowTags>
        <visualSizeRange>
          <min>0.8</min>
          <max>2.6</max>
        </visualSizeRange>
        <fertilityMin>0.7</fertilityMin>
        <topWindExposure>0.25</topWindExposure>
        <fertilitySensitivity>0.5</fertilitySensitivity>
        <sowMinSkill>5</sowMinSkill>
        <sowResearchPrerequisites>
          <li>CK_TropicalWoodGrowing</li>
        </sowResearchPrerequisites>
        <wildClusterRadius>8</wildClusterRadius>
        <wildClusterWeight>24</wildClusterWeight>
        <wildOrder>3</wildOrder>
        <interferesWithRoof>true</interferesWithRoof>
      </plant>
  </ThingDef>

<!--====================== Production crops ===========================-->
<!--========================== Drug crops =============================-->
  <ThingDef ParentName="BushBase">
    <defName>CK_PlantBushDreamVine</defName>
    <label>dream vine</label>
    <description>Its root is traditionally used to induce vivid lucid dreams during the initiation process of shamans. Users take the plant to help them remember their dreams; side effects include hallucinations, nausea, and vomiting</description>
    <statBases>
      <MaxHitPoints>120</MaxHitPoints>
      <Nutrition>0.35</Nutrition>
    </statBases>
    <graphicData>
      <texPath>Things/Plant/DreamVineCrop</texPath>
      <graphicClass>Graphic_Random</graphicClass>
      <shadowData>
        <volume>(0.55, 0.2, 0.2)</volume>
        <offset>(0,0,-0.2)</offset>
      </shadowData>
    </graphicData>
    <selectable>true</selectable>
    <fillPercent>0.25</fillPercent>
    <pathCost>30</pathCost>
    <plant>
      <fertilityMin>0.5</fertilityMin>
      <fertilitySensitivity>1</fertilitySensitivity>
      <growDays>6.84</growDays>
      <harvestYield>10</harvestYield>
      <sowMinSkill>6</sowMinSkill>
      <sowTags>
        <li>Ground</li>
        <li>Hydroponic</li>
      </sowTags>
      <harvestTag>Standard</harvestTag>
      <harvestAfterGrowth>0.30</harvestAfterGrowth>
      <harvestedThingDef>CK_DreamVineRoot</harvestedThingDef>
      <visualSizeRange>
        <min>0.9</min>
        <max>2</max>
      </visualSizeRange>
      <wildClusterRadius>3</wildClusterRadius>
			<wildClusterWeight>4</wildClusterWeight>
      <topWindExposure>0.2</topWindExposure>
    </plant>
  </ThingDef>
<!--========================= Special - Apiary ========================-->
  <ThingDef ParentName="TreeBase">
    <defName>CK_SpecialTreeApiary</defName>
    <label>apiary</label>
    <description>A beekeeping structure that will slowly fill with honey.</description>
    <graphicData>
      <texPath>Things/Plant/Apiary/Apiary</texPath>
      <graphicClass>Graphic_Single</graphicClass>
    </graphicData>
    <pathCost>200</pathCost>
    <statBases>
      <MaxHitPoints>300</MaxHitPoints>
      <Beauty>0</Beauty>
    </statBases>
    <plant>
      <sowMinSkill>7</sowMinSkill>
      <growDays>25</growDays>
      <harvestWork>1000</harvestWork>
      <harvestedThingDef>CK_Honeycomb</harvestedThingDef>
      <harvestYield>60</harvestYield>
      <harvestAfterGrowth>0.10</harvestAfterGrowth>
      <harvestMinGrowth>0.80</harvestMinGrowth>
      <harvestFailable>true</harvestFailable>
      <harvestTag>Standard</harvestTag>
      <fertilityMin>0.1</fertilityMin>
	  	<fertilitySensitivity>0.2</fertilitySensitivity>
      <visualSizeRange>
        <min>1.5</min>
        <max>1.5</max>
      </visualSizeRange>
      <sowResearchPrerequisites>
        <li>CK_Beekeeping</li>
      </sowResearchPrerequisites>
    </plant>
  </ThingDef>
</Defs>
