﻿<?xml version="1.0" encoding="utf-8" ?>
<Defs>

  <ThingDef ParentName="PlantBase">
    <defName>CK_PlantPottedFern</defName>
    <label>fern</label>
    <description>Ornamental fern</description>
    <statBases>
      <MaxHitPoints>85</MaxHitPoints>
      <Beauty>7</Beauty>
      <Nutrition>0.1</Nutrition>
    </statBases>
    <graphicData>
      <texPath>Things/Plant/Fern</texPath>
      <graphicClass>Graphic_Random</graphicClass>
    </graphicData>
    <altitudeLayer>Item</altitudeLayer>
    <selectable>true</selectable>
    <ingestible />
    <plant>
      <dieIfLeafless>true</dieIfLeafless>
      <harvestTag>Standard</harvestTag>
      <sowWork>600</sowWork>
      <sowTags>
        <li>Decorative</li>
      </sowTags>
      <growMinGlow>0.3</growMinGlow>
      <topWindExposure>0.1</topWindExposure>
      <growDays>1.5</growDays>
      <lifespanDaysPerGrowDays>5</lifespanDaysPerGrowDays>
      <fertilitySensitivity>1.0</fertilitySensitivity>
      <visualSizeRange>
        <min>0.9</min>
        <max>1.8</max>
      </visualSizeRange>
      <wildOrder>1</wildOrder>
      <purpose>Beauty</purpose>
    </plant>
  </ThingDef>

  <ThingDef ParentName="PlantBase">
    <defName>CK_PlantPottedBromeliad</defName>
    <label>bromeliad</label>
    <description>Commonly known as the Flaming torch, is a species of bromeliad that is native to ol'Earth Brazil, Venezuela, French Guiana, Antilles and Cuba. They are adaptable, growing well as a terrestrial or epiphytic plant. When on the ground, they quickly create large clumps, and when planted at the base of a tree, they slowly will climb the trunk. The flowers on an individual plant last less than one month, but nearly all of the plants will come into bloom at the same time in the late summer.</description>
    <statBases>
      <MaxHitPoints>85</MaxHitPoints>
      <Beauty>25</Beauty>
      <Nutrition>0.05</Nutrition>
    </statBases>
    <graphicData>
      <texPath>Things/Plant/PottedBromeliad</texPath>
      <graphicClass>Graphic_Random</graphicClass>
    </graphicData>
    <altitudeLayer>Item</altitudeLayer>
    <selectable>true</selectable>
    <ingestible />
    <plant>
      <dieIfLeafless>true</dieIfLeafless>
      <harvestTag>Standard</harvestTag>
      <sowWork>800</sowWork>
      <sowTags>
        <li>Decorative</li>
      </sowTags>
      <growMinGlow>0.3</growMinGlow>
      <topWindExposure>0.1</topWindExposure>
      <growDays>1.5</growDays>
      <lifespanDaysPerGrowDays>3</lifespanDaysPerGrowDays>
      <visualSizeRange>
        <min>0.6</min>
        <max>1.5</max>
      </visualSizeRange>
      <wildOrder>1</wildOrder>
      <purpose>Beauty</purpose>
    </plant>
  </ThingDef>

  <ThingDef ParentName="PlantBase">
    <defName>CK_PlantPottedHeliconia</defName>
    <label>heliconia</label>
    <description>Heliconias are sometimes called "lobster claws" or "parrot flowers" because of their beak-like "bracts".The leaves of this plant are paddle-shaped, and they are related to the banana family. The heliconia's flowers are tiny and found inside these bracts, which are so large and colorful that they almost hide the flowers altogether. Heliconias are found throughout the Neotropics and are actually quite common in the rainforest.</description>
    <statBases>
      <MaxHitPoints>85</MaxHitPoints>
      <Beauty>15</Beauty>
      <Nutrition>0.05</Nutrition>
    </statBases>
    <graphicData>
      <texPath>Things/Plant/PottedHeliconia</texPath>
      <graphicClass>Graphic_Random</graphicClass>
    </graphicData>
    <altitudeLayer>Item</altitudeLayer>
    <selectable>true</selectable>
    <ingestible />
    <plant>
      <dieIfLeafless>true</dieIfLeafless>
      <harvestTag>Standard</harvestTag>
      <sowWork>800</sowWork>
      <sowTags>
        <li>Decorative</li>
      </sowTags>
      <growMinGlow>0.3</growMinGlow>
      <topWindExposure>0.1</topWindExposure>
      <growDays>1.5</growDays>
      <lifespanDaysPerGrowDays>5</lifespanDaysPerGrowDays>
      <visualSizeRange>
        <min>0.8</min>
        <max>1.5</max>
      </visualSizeRange>
      <wildOrder>1</wildOrder>
      <purpose>Beauty</purpose>
    </plant>
  </ThingDef>

</Defs>
