﻿<?xml version="1.0" encoding="utf-8"?>
<ModMetaData>

    <name>Tropi[CKAPP] Rainforest Mod</name>

    <author>KapTaiN_KaVerN</author>

    <url>https://ludeon.com/forums/index.php?topic=25187</url>

    <supportedVersions>
      <li>1.0</li>
    </supportedVersions>

<description>The purpose of this mod is to add a significant amount of new animals and plants to Tropical Biomes and increase it's fauna and flora diversity.

A Dog Said... compatibility patch included (in that case please be sure to put Tropi[CKAPP] Rainforest Mod after ADS in mod list)</description>

</ModMetaData>
