<?xml version="1.0" encoding="UTF-8" standalone="yes"?>
<Manifest>
  <version>1.0</version>
  <manifestUri>https://cdn.jsdelivr.net/gh/kaptain-kavern/CK_AnimalPlant_Pack/About/Manifest.xml</manifestUri>
  <downloadUri>https://github.com/kaptain-kavern/CK_AnimalPlant_Pack/releases/latest</downloadUri>
  <dependencies>
    <li>ADogSaid...AnimalProsthetics</li>
  </dependencies>
  <loadAfter>
    <li>ADogSaid...AnimalProsthetics</li>
  </loadAfter>
  <suggests>
    <li>ADogSaid...AnimalProsthetics</li>
  </suggests>
  <showCrossPromotions>true</showCrossPromotions>
</Manifest>
